[{"original": "./candybar_app//mdre-llm/2024-04-11-10-03_app_errors.txt
./candybar_app//mdre-llm/2024-04-11-10-03_app.json
./candybar_app//mdre-llm/candybar_app.ecore
./candybar_app//mdre-llm/domain_entities_candybar_app_FIXED.json
./candybar_app//mdre-llm/2024-04-11-10-03_app_stats.csv
./candybar_app//mdre-llm/domain_entities_candybar_app_PATCH_ACTIONS.txt
./candybar_app//mdre-llm/candybar_app.emf
./candybar_app//mdre-llm/2024-04-11-10-03_app_java.json", "predicted": "./candybar_app//model/app.ecore
./candybar_app//model/app.emf", "projectName": "candybar_app"},{"original": "./candybar_extLibs//mdre-llm/2024-04-11-10-05_extLibs_java.json
./candybar_extLibs//mdre-llm/domain_entities_candybar_extLibs_PATCH_ACTIONS.txt
./candybar_extLibs//mdre-llm/domain_entities_candybar_extLibs_FIXED.json
./candybar_extLibs//mdre-llm/candybar_extLibs.emf
./candybar_extLibs//mdre-llm/2024-04-11-10-05_extLibs_stats.csv
./candybar_extLibs//mdre-llm/2024-04-11-10-05_extLibs_errors.txt
./candybar_extLibs//mdre-llm/2024-04-11-10-05_extLibs.json
./candybar_extLibs//mdre-llm/candybar_extLibs.ecore", "predicted": "./candybar_extLibs//model/extLibs.ecore
./candybar_extLibs//model/extLibs.emf", "projectName": "candybar_extLibs"},{"original": "./future//mdre-llm/domain_entities_future_PATCH_ACTIONS.txt
./future//mdre-llm/2024-04-11-10-09_future_errors.txt
./future//mdre-llm/future.ecore
./future//mdre-llm/2024-04-11-10-09_future_stats.csv
./future//mdre-llm/domain_entities_future_FIXED.json
./future//mdre-llm/2024-04-11-10-09_future_java.json
./future//mdre-llm/future.emf
./future//mdre-llm/2024-04-11-10-09_future.json", "predicted": "./future//model/future-java.emf
./future//model/future-java.ecore", "projectName": "future"},{"original": "./gi//mdre-llm/domain_entities_gi_FIXED.json
./gi//mdre-llm/gi.ecore
./gi//mdre-llm/2024-04-11-10-29_gi.json
./gi//mdre-llm/2024-04-11-10-29_gi_stats.csv
./gi//mdre-llm/gi.emf
./gi//mdre-llm/2024-04-11-10-29_gi_errors.txt
./gi//mdre-llm/domain_entities_gi_PATCH_ACTIONS.txt
./gi//mdre-llm/2024-04-11-10-29_gi_java.json", "predicted": "./gi//model/jmotif-gi.ecore
./gi//model/jmotif-gi.emf", "projectName": "gi"},{"original": "./grammarviz2_src//mdre-llm/2024-04-11-10-35_seninp_stats.csv
./grammarviz2_src//mdre-llm/2024-04-11-10-35_seninp_java.json
./grammarviz2_src//mdre-llm/2024-04-11-10-35_seninp.json
./grammarviz2_src//mdre-llm/2024-04-11-10-35_seninp_errors.txt
./grammarviz2_src//mdre-llm/grammarviz2_src.ecore
./grammarviz2_src//mdre-llm/grammarviz2_src.emf
./grammarviz2_src//mdre-llm/domain_entities_grammarviz2_src_PATCH_ACTIONS.txt
./grammarviz2_src//mdre-llm/domain_entities_grammarviz2_src_FIXED.json", "predicted": "./grammarviz2_src//model/grammarviz2.emf
./grammarviz2_src//model/grammarviz2.ecore", "projectName": "grammarviz2_src"},{"original": "./mtsar//mdre-llm/domain_entities_mtsar_FIXED.json
./mtsar//mdre-llm/mtsar.emf
./mtsar//mdre-llm/mtsar.ecore
./mtsar//mdre-llm/2024-04-11-10-40_mtsar.json
./mtsar//mdre-llm/2024-04-11-10-40_mtsar_java.json
./mtsar//mdre-llm/domain_entities_mtsar_PATCH_ACTIONS.txt
./mtsar//mdre-llm/2024-04-11-10-40_mtsar_stats.csv
./mtsar//mdre-llm/2024-04-11-10-40_mtsar_errors.txt", "predicted": "./mtsar//model/mtsar.emf
./mtsar//model/mtsar.ecore", "projectName": "mtsar"},{"original": "./parallec//mdre-llm/2024-04-11-11-26_parallec_stats.csv
./parallec//mdre-llm/parallec.ecore
./parallec//mdre-llm/domain_entities_parallec_PATCH_ACTIONS.txt
./parallec//mdre-llm/parallec.emf
./parallec//mdre-llm/domain_entities_parallec_FIXED.json
./parallec//mdre-llm/2024-04-11-11-26_parallec.json
./parallec//mdre-llm/2024-04-11-11-26_parallec_errors.txt
./parallec//mdre-llm/2024-04-11-11-26_parallec_java.json", "predicted": "./parallec//model/parallec.ecore
./parallec//model/parallec.emf", "projectName": "parallec"},{"original": "./sax//mdre-llm/sax.ecore
./sax//mdre-llm/2024-04-11-11-30_seninp_stats.csv
./sax//mdre-llm/2024-04-11-11-30_seninp_java.json
./sax//mdre-llm/2024-04-11-11-30_seninp.json
./sax//mdre-llm/domain_entities_sax_FIXED.json
./sax//mdre-llm/domain_entities_sax_PATCH_ACTIONS.txt
./sax//mdre-llm/2024-04-11-11-30_seninp_errors.txt
./sax//mdre-llm/sax.emf", "predicted": "./sax//model/jmotif-sax.emf
./sax//model/jmotif-sax.ecore", "projectName": "sax"},{"original": "./solr-3.x//mdre-llm/2024-04-11-11-31_solr.json
./solr-3.x//mdre-llm/2024-04-11-11-31_solr_stats.csv
./solr-3.x//mdre-llm/2024-04-11-11-31_solr_errors.txt
./solr-3.x//mdre-llm/domain_entities_solr-3.x_FIXED.json
./solr-3.x//mdre-llm/solr-3.x.emf
./solr-3.x//mdre-llm/2024-04-11-11-31_solr_java.json
./solr-3.x//mdre-llm/solr-3.x.ecore
./solr-3.x//mdre-llm/domain_entities_solr-3.x_PATCH_ACTIONS.txt", "predicted": "./solr-3.x//model/solr-3.x.emf
./solr-3.x//model/solr-3.x.ecore", "projectName": "solr-3.x"},{"original": "./solr-4.x-1//mdre-llm/2024-04-11-11-31_solr.json
./solr-4.x-1//mdre-llm/domain_entities_solr-4.x-1_PATCH_ACTIONS.txt
./solr-4.x-1//mdre-llm/2024-04-11-11-31_solr_stats.csv
./solr-4.x-1//mdre-llm/solr-4.x-1.ecore
./solr-4.x-1//mdre-llm/2024-04-11-11-31_solr_errors.txt
./solr-4.x-1//mdre-llm/domain_entities_solr-4.x-1_FIXED.json
./solr-4.x-1//mdre-llm/solr-4.x-1.emf
./solr-4.x-1//mdre-llm/2024-04-11-11-31_solr_java.json", "predicted": "./solr-4.x-1//model/solr-4.x-1.ecore
./solr-4.x-1//model/solr-4.x-1.emf", "projectName": "solr-4.x-1"},{"original": "./solr-4.x-2//mdre-llm/2024-04-11-11-31_solr.json
./solr-4.x-2//mdre-llm/2024-04-11-11-31_solr_stats.csv
./solr-4.x-2//mdre-llm/2024-04-11-11-31_solr_errors.txt
./solr-4.x-2//mdre-llm/domain_entities_solr-4.x-2_FIXED.json
./solr-4.x-2//mdre-llm/2024-04-11-11-31_solr_java.json
./solr-4.x-2//mdre-llm/solr-4.x-2.emf
./solr-4.x-2//mdre-llm/domain_entities_solr-4.x-2_PATCH_ACTIONS.txt
./solr-4.x-2//mdre-llm/solr-4.x-2.ecore", "predicted": "./solr-4.x-2//model/solr-4.x-2.emf
./solr-4.x-2//model/solr-4.x-2.ecore", "projectName": "solr-4.x-2"},{"original": "./steve//mdre-llm/2024-04-11-12-25_steve.json
./steve//mdre-llm/domain_entities_steve_PATCH_ACTIONS.txt
./steve//mdre-llm/steve.ecore
./steve//mdre-llm/2024-04-11-12-25_steve_stats.csv
./steve//mdre-llm/steve.emf
./steve//mdre-llm/domain_entities_steve_FIXED.json
./steve//mdre-llm/2024-04-11-12-25_steve_errors.txt
./steve//mdre-llm/2024-04-11-12-25_steve_java.json", "predicted": "./steve//model/steve.ecore
./steve//model/steve.emf", "projectName": "steve"}]
